time,open,high,low,close
2026-05-25T16:39:00+08:00,1.804,1.806,1.804,1.805
2026-05-25T16:40:00+08:00,1.806,1.806,1.805,1.805
2026-05-25T16:41:00+08:00,1.805,1.805,1.804,1.805
2026-05-25T16:42:00+08:00,1.804,1.806,1.804,1.806
2026-05-25T16:43:00+08:00,1.805,1.807,1.805,1.805
2026-05-25T16:44:00+08:00,1.805,1.806,1.805,1.806
2026-05-25T16:45:00+08:00,1.805,1.807,1.805,1.807
2026-05-25T16:46:00+08:00,1.806,1.806,1.805,1.805
2026-05-25T16:47:00+08:00,1.805,1.807,1.805,1.807
2026-05-25T16:48:00+08:00,1.807,1.807,1.805,1.805
2026-05-25T16:49:00+08:00,1.805,1.807,1.805,1.807
2026-05-25T16:50:00+08:00,1.806,1.808,1.806,1.807
2026-05-25T16:51:00+08:00,1.807,1.808,1.806,1.807
2026-05-25T16:52:00+08:00,1.806,1.806,1.802,1.803
2026-05-25T16:53:00+08:00,1.803,1.805,1.803,1.804
2026-05-25T16:54:00+08:00,1.804,1.806,1.804,1.806
2026-05-25T16:55:00+08:00,1.806,1.808,1.806,1.808
2026-05-25T16:56:00+08:00,1.808,1.809,1.807,1.809
2026-05-25T16:57:00+08:00,1.808,1.808,1.807,1.808
2026-05-25T16:58:00+08:00,1.807,1.809,1.807,1.808
2026-05-25T16:59:00+08:00,1.808,1.808,1.807,1.807
2026-05-25T17:00:00+08:00,1.807,1.808,1.806,1.807
2026-05-25T17:01:00+08:00,1.806,1.807,1.805,1.806
2026-05-25T17:02:00+08:00,1.805,1.808,1.805,1.808
2026-05-25T17:03:00+08:00,1.808,1.809,1.808,1.808
2026-05-25T17:04:00+08:00,1.808,1.809,1.807,1.808
2026-05-25T17:05:00+08:00,1.807,1.807,1.806,1.807
2026-05-25T17:06:00+08:00,1.807,1.807,1.804,1.806
2026-05-25T17:07:00+08:00,1.805,1.805,1.803,1.804
2026-05-25T17:08:00+08:00,1.804,1.805,1.803,1.803
2026-05-25T17:09:00+08:00,1.803,1.804,1.803,1.803
2026-05-25T17:10:00+08:00,1.803,1.804,1.799,1.801
2026-05-25T17:11:00+08:00,1.802,1.802,1.8,1.8
2026-05-25T17:12:00+08:00,1.8,1.801,1.8,1.8
2026-05-25T17:13:00+08:00,1.8,1.8,1.798,1.799
2026-05-25T17:14:00+08:00,1.799,1.799,1.798,1.799
2026-05-25T17:15:00+08:00,1.798,1.798,1.796,1.798
2026-05-25T17:16:00+08:00,1.797,1.798,1.796,1.798
2026-05-25T17:17:00+08:00,1.797,1.798,1.796,1.798
2026-05-25T17:18:00+08:00,1.798,1.798,1.796,1.796
2026-05-25T17:19:00+08:00,1.796,1.796,1.794,1.795
2026-05-25T17:20:00+08:00,1.794,1.794,1.792,1.793
2026-05-25T17:21:00+08:00,1.793,1.794,1.791,1.794
2026-05-25T17:22:00+08:00,1.794,1.796,1.794,1.796
2026-05-25T17:23:00+08:00,1.796,1.797,1.795,1.797
2026-05-25T17:24:00+08:00,1.796,1.797,1.796,1.796
2026-05-25T17:25:00+08:00,1.796,1.797,1.795,1.796
2026-05-25T17:26:00+08:00,1.796,1.797,1.796,1.797
2026-05-25T17:27:00+08:00,1.796,1.796,1.795,1.796
2026-05-25T17:28:00+08:00,1.797,1.798,1.796,1.798
2026-05-25T17:29:00+08:00,1.798,1.799,1.797,1.799
2026-05-25T17:30:00+08:00,1.798,1.798,1.796,1.796
2026-05-25T17:31:00+08:00,1.796,1.8,1.796,1.8
2026-05-25T17:32:00+08:00,1.8,1.801,1.799,1.8
2026-05-25T17:33:00+08:00,1.8,1.802,1.8,1.8
2026-05-25T17:34:00+08:00,1.801,1.802,1.799,1.8
2026-05-25T17:35:00+08:00,1.799,1.799,1.799,1.799
2026-05-25T17:36:00+08:00,1.798,1.798,1.796,1.796
2026-05-25T17:37:00+08:00,1.797,1.797,1.795,1.796
2026-05-25T17:38:00+08:00,1.797,1.797,1.795,1.795
2026-05-25T17:39:00+08:00,1.796,1.797,1.796,1.797
2026-05-25T17:40:00+08:00,1.798,1.798,1.797,1.798
2026-05-25T17:41:00+08:00,1.797,1.798,1.796,1.797
2026-05-25T17:42:00+08:00,1.797,1.799,1.797,1.799
2026-05-25T17:43:00+08:00,1.799,1.799,1.798,1.798
2026-05-25T17:44:00+08:00,1.798,1.8,1.798,1.8
2026-05-25T17:45:00+08:00,1.8,1.801,1.799,1.801
2026-05-25T17:46:00+08:00,1.801,1.802,1.801,1.802
2026-05-25T17:47:00+08:00,1.801,1.803,1.801,1.802
2026-05-25T17:48:00+08:00,1.802,1.802,1.8,1.801
2026-05-25T17:49:00+08:00,1.802,1.802,1.801,1.802
2026-05-25T17:50:00+08:00,1.801,1.802,1.8,1.801
2026-05-25T17:51:00+08:00,1.801,1.801,1.8,1.801
2026-05-25T17:52:00+08:00,1.8,1.801,1.799,1.801
2026-05-25T17:53:00+08:00,1.801,1.801,1.798,1.798
2026-05-25T17:54:00+08:00,1.799,1.8,1.799,1.799
2026-05-25T17:55:00+08:00,1.799,1.8,1.798,1.798
2026-05-25T17:56:00+08:00,1.798,1.798,1.797,1.798
2026-05-25T17:57:00+08:00,1.798,1.799,1.797,1.797
2026-05-25T17:58:00+08:00,1.798,1.8,1.798,1.8
2026-05-25T17:59:00+08:00,1.8,1.801,1.799,1.801
2026-05-25T18:00:00+08:00,1.801,1.803,1.801,1.802
2026-05-25T18:01:00+08:00,1.803,1.803,1.801,1.801
2026-05-25T18:02:00+08:00,1.801,1.801,1.8,1.8
2026-05-25T18:03:00+08:00,1.801,1.802,1.8,1.8
2026-05-25T18:04:00+08:00,1.8,1.803,1.8,1.802
2026-05-25T18:05:00+08:00,1.802,1.803,1.801,1.802
2026-05-25T18:06:00+08:00,1.802,1.804,1.802,1.803
2026-05-25T18:07:00+08:00,1.804,1.804,1.804,1.804
2026-05-25T18:08:00+08:00,1.804,1.806,1.804,1.804
2026-05-25T18:09:00+08:00,1.805,1.806,1.804,1.804
2026-05-25T18:10:00+08:00,1.804,1.806,1.803,1.803
2026-05-25T18:11:00+08:00,1.803,1.805,1.803,1.805
2026-05-25T18:12:00+08:00,1.805,1.806,1.804,1.805
2026-05-25T18:13:00+08:00,1.805,1.807,1.804,1.807
2026-05-25T18:14:00+08:00,1.806,1.807,1.805,1.807
2026-05-25T18:15:00+08:00,1.807,1.81,1.807,1.808
2026-05-25T18:16:00+08:00,1.809,1.813,1.809,1.813
2026-05-25T18:17:00+08:00,1.813,1.814,1.812,1.812
2026-05-25T18:18:00+08:00,1.812,1.813,1.81,1.811
2026-05-25T18:19:00+08:00,1.81,1.81,1.809,1.81
2026-05-25T18:20:00+08:00,1.809,1.809,1.805,1.805
2026-05-25T18:21:00+08:00,1.805,1.807,1.803,1.807
2026-05-25T18:22:00+08:00,1.807,1.808,1.806,1.808
2026-05-25T18:23:00+08:00,1.809,1.813,1.809,1.809
2026-05-25T18:24:00+08:00,1.809,1.811,1.809,1.809
2026-05-25T18:25:00+08:00,1.809,1.809,1.806,1.806
2026-05-25T18:26:00+08:00,1.807,1.808,1.807,1.807
2026-05-25T18:27:00+08:00,1.807,1.808,1.806,1.807
2026-05-25T18:28:00+08:00,1.806,1.809,1.806,1.808
2026-05-25T18:29:00+08:00,1.808,1.81,1.808,1.81
2026-05-25T18:30:00+08:00,1.81,1.81,1.808,1.808
2026-05-25T18:31:00+08:00,1.809,1.809,1.806,1.807
2026-05-25T18:32:00+08:00,1.808,1.809,1.808,1.809
2026-05-25T18:33:00+08:00,1.809,1.81,1.808,1.808
2026-05-25T18:34:00+08:00,1.808,1.809,1.806,1.807
2026-05-25T18:35:00+08:00,1.808,1.808,1.805,1.805
2026-05-25T18:36:00+08:00,1.805,1.807,1.804,1.806
2026-05-25T18:37:00+08:00,1.806,1.808,1.805,1.806
2026-05-25T18:38:00+08:00,1.806,1.808,1.806,1.807
2026-05-25T18:39:00+08:00,1.807,1.808,1.806,1.806
2026-05-25T18:40:00+08:00,1.806,1.807,1.805,1.806
2026-05-25T18:41:00+08:00,1.805,1.806,1.805,1.805
2026-05-25T18:42:00+08:00,1.806,1.808,1.806,1.807
2026-05-25T18:43:00+08:00,1.806,1.807,1.805,1.806
2026-05-25T18:44:00+08:00,1.806,1.807,1.806,1.807
2026-05-25T18:45:00+08:00,1.807,1.809,1.806,1.809
2026-05-25T18:46:00+08:00,1.81,1.81,1.807,1.808
2026-05-25T18:47:00+08:00,1.808,1.809,1.807,1.808
2026-05-25T18:48:00+08:00,1.807,1.809,1.807,1.809
2026-05-25T18:49:00+08:00,1.808,1.809,1.806,1.806
2026-05-25T18:50:00+08:00,1.806,1.808,1.806,1.808
2026-05-25T18:51:00+08:00,1.808,1.809,1.808,1.808
2026-05-25T18:52:00+08:00,1.807,1.807,1.805,1.806
2026-05-25T18:53:00+08:00,1.807,1.807,1.806,1.807
2026-05-25T18:54:00+08:00,1.807,1.808,1.807,1.808
2026-05-25T18:55:00+08:00,1.807,1.809,1.806,1.807
2026-05-25T18:56:00+08:00,1.806,1.808,1.804,1.804
2026-05-25T18:57:00+08:00,1.804,1.805,1.803,1.803
2026-05-25T18:58:00+08:00,1.804,1.805,1.802,1.805
2026-05-25T18:59:00+08:00,1.804,1.805,1.804,1.805
2026-05-25T19:00:00+08:00,1.804,1.805,1.803,1.803
2026-05-25T19:01:00+08:00,1.802,1.803,1.801,1.803
2026-05-25T19:02:00+08:00,1.804,1.808,1.802,1.804
2026-05-25T19:03:00+08:00,1.803,1.805,1.803,1.804
2026-05-25T19:04:00+08:00,1.804,1.807,1.804,1.807
2026-05-25T19:05:00+08:00,1.806,1.807,1.803,1.805
2026-05-25T19:06:00+08:00,1.806,1.806,1.802,1.803
2026-05-25T19:07:00+08:00,1.802,1.804,1.8,1.803
2026-05-25T19:08:00+08:00,1.804,1.807,1.804,1.805
2026-05-25T19:09:00+08:00,1.805,1.805,1.796,1.797
2026-05-25T19:10:00+08:00,1.797,1.798,1.795,1.797
2026-05-25T19:11:00+08:00,1.798,1.798,1.797,1.797
2026-05-25T19:12:00+08:00,1.796,1.798,1.796,1.797
2026-05-25T19:13:00+08:00,1.798,1.798,1.796,1.796
2026-05-25T19:14:00+08:00,1.796,1.798,1.796,1.797
2026-05-25T19:15:00+08:00,1.797,1.798,1.795,1.795
2026-05-25T19:16:00+08:00,1.795,1.797,1.795,1.795
2026-05-25T19:17:00+08:00,1.795,1.796,1.794,1.796
2026-05-25T19:18:00+08:00,1.796,1.796,1.794,1.794
2026-05-25T19:19:00+08:00,1.794,1.796,1.794,1.796
2026-05-25T19:20:00+08:00,1.796,1.796,1.795,1.796
2026-05-25T19:21:00+08:00,1.795,1.796,1.794,1.796
2026-05-25T19:22:00+08:00,1.795,1.796,1.795,1.796
2026-05-25T19:23:00+08:00,1.795,1.796,1.794,1.796
2026-05-25T19:24:00+08:00,1.797,1.797,1.795,1.797
2026-05-25T19:25:00+08:00,1.797,1.797,1.796,1.796
2026-05-25T19:26:00+08:00,1.796,1.797,1.795,1.796
2026-05-25T19:27:00+08:00,1.797,1.797,1.796,1.796
2026-05-25T19:28:00+08:00,1.796,1.797,1.796,1.796
2026-05-25T19:29:00+08:00,1.796,1.798,1.796,1.797
2026-05-25T19:30:00+08:00,1.797,1.799,1.796,1.799
2026-05-25T19:31:00+08:00,1.799,1.799,1.798,1.799
2026-05-25T19:32:00+08:00,1.799,1.801,1.799,1.801
2026-05-25T19:33:00+08:00,1.8,1.801,1.798,1.798
2026-05-25T19:34:00+08:00,1.799,1.8,1.798,1.8
2026-05-25T19:35:00+08:00,1.799,1.799,1.797,1.798
2026-05-25T19:36:00+08:00,1.798,1.8,1.798,1.799
2026-05-25T19:37:00+08:00,1.8,1.801,1.799,1.799
2026-05-25T19:38:00+08:00,1.799,1.799,1.797,1.799
2026-05-25T19:39:00+08:00,1.799,1.8,1.799,1.8
2026-05-25T19:40:00+08:00,1.8,1.8,1.797,1.798
2026-05-25T19:41:00+08:00,1.798,1.799,1.798,1.798
2026-05-25T19:42:00+08:00,1.799,1.8,1.798,1.8
2026-05-25T19:43:00+08:00,1.799,1.799,1.798,1.798
2026-05-25T19:44:00+08:00,1.798,1.799,1.798,1.799
2026-05-25T19:45:00+08:00,1.798,1.799,1.798,1.798
2026-05-25T19:46:00+08:00,1.799,1.799,1.798,1.799
2026-05-25T19:47:00+08:00,1.799,1.799,1.797,1.797
2026-05-25T19:48:00+08:00,1.798,1.798,1.796,1.797
2026-05-25T19:49:00+08:00,1.798,1.798,1.797,1.798
2026-05-25T19:50:00+08:00,1.799,1.799,1.797,1.798
2026-05-25T19:51:00+08:00,1.798,1.8,1.798,1.798
2026-05-25T19:52:00+08:00,1.799,1.799,1.796,1.796
2026-05-25T19:53:00+08:00,1.797,1.798,1.797,1.797
2026-05-25T19:54:00+08:00,1.797,1.798,1.797,1.797
2026-05-25T19:55:00+08:00,1.797,1.798,1.797,1.798
2026-05-25T19:56:00+08:00,1.797,1.799,1.797,1.798
2026-05-25T19:57:00+08:00,1.798,1.798,1.797,1.798
2026-05-25T19:58:00+08:00,1.798,1.799,1.797,1.797
2026-05-25T19:59:00+08:00,1.796,1.796,1.794,1.795
2026-05-25T20:00:00+08:00,1.795,1.796,1.794,1.794
2026-05-25T20:01:00+08:00,1.795,1.795,1.79,1.794
2026-05-25T20:02:00+08:00,1.794,1.795,1.793,1.795
2026-05-25T20:03:00+08:00,1.795,1.797,1.795,1.796
2026-05-25T20:04:00+08:00,1.797,1.798,1.796,1.796
2026-05-25T20:05:00+08:00,1.796,1.798,1.795,1.797
2026-05-25T20:06:00+08:00,1.797,1.799,1.797,1.797
2026-05-25T20:07:00+08:00,1.798,1.798,1.797,1.798
2026-05-25T20:08:00+08:00,1.798,1.8,1.797,1.8
2026-05-25T20:09:00+08:00,1.799,1.801,1.799,1.799
2026-05-25T20:10:00+08:00,1.8,1.8,1.797,1.797
2026-05-25T20:11:00+08:00,1.798,1.799,1.797,1.799
2026-05-25T20:12:00+08:00,1.798,1.799,1.798,1.799
2026-05-25T20:13:00+08:00,1.799,1.799,1.796,1.796
2026-05-25T20:14:00+08:00,1.797,1.797,1.795,1.795
2026-05-25T20:15:00+08:00,1.796,1.799,1.795,1.797
2026-05-25T20:16:00+08:00,1.798,1.8,1.798,1.8
2026-05-25T20:17:00+08:00,1.8,1.801,1.798,1.799
2026-05-25T20:18:00+08:00,1.8,1.8,1.798,1.798
2026-05-25T20:19:00+08:00,1.799,1.8,1.798,1.8
2026-05-25T20:20:00+08:00,1.8,1.801,1.799,1.799
2026-05-25T20:21:00+08:00,1.8,1.8,1.798,1.798
2026-05-25T20:22:00+08:00,1.798,1.799,1.797,1.798
2026-05-25T20:23:00+08:00,1.798,1.8,1.797,1.8
2026-05-25T20:24:00+08:00,1.8,1.801,1.799,1.8
2026-05-25T20:25:00+08:00,1.8,1.801,1.798,1.799
2026-05-25T20:26:00+08:00,1.799,1.8,1.798,1.8
2026-05-25T20:27:00+08:00,1.801,1.801,1.8,1.8
2026-05-25T20:28:00+08:00,1.801,1.801,1.8,1.801
2026-05-25T20:29:00+08:00,1.801,1.801,1.8,1.801
2026-05-25T20:30:00+08:00,1.8,1.803,1.8,1.802
2026-05-25T20:31:00+08:00,1.803,1.805,1.803,1.804
2026-05-25T20:32:00+08:00,1.803,1.804,1.802,1.803
2026-05-25T20:33:00+08:00,1.802,1.802,1.801,1.802
2026-05-25T20:34:00+08:00,1.801,1.805,1.801,1.805
2026-05-25T20:35:00+08:00,1.804,1.807,1.804,1.806
2026-05-25T20:36:00+08:00,1.806,1.807,1.805,1.806
2026-05-25T20:37:00+08:00,1.806,1.807,1.805,1.805
2026-05-25T20:38:00+08:00,1.805,1.805,1.803,1.805
2026-05-25T20:39:00+08:00,1.805,1.808,1.805,1.807
2026-05-25T20:40:00+08:00,1.807,1.81,1.807,1.809
2026-05-25T20:41:00+08:00,1.809,1.809,1.808,1.809
2026-05-25T20:42:00+08:00,1.809,1.81,1.807,1.81
2026-05-25T20:43:00+08:00,1.81,1.81,1.809,1.81
2026-05-25T20:44:00+08:00,1.81,1.811,1.809,1.81
2026-05-25T20:45:00+08:00,1.81,1.81,1.804,1.804
2026-05-25T20:46:00+08:00,1.804,1.805,1.803,1.804
2026-05-25T20:47:00+08:00,1.804,1.805,1.803,1.804
2026-05-25T20:48:00+08:00,1.804,1.805,1.803,1.805
2026-05-25T20:49:00+08:00,1.805,1.807,1.805,1.807
2026-05-25T20:50:00+08:00,1.806,1.808,1.806,1.806
2026-05-25T20:51:00+08:00,1.806,1.808,1.806,1.808
2026-05-25T20:52:00+08:00,1.807,1.808,1.806,1.806
2026-05-25T20:53:00+08:00,1.807,1.808,1.807,1.807
2026-05-25T20:54:00+08:00,1.808,1.81,1.808,1.81
2026-05-25T20:55:00+08:00,1.81,1.815,1.81,1.815
2026-05-25T20:56:00+08:00,1.815,1.815,1.813,1.815
2026-05-25T20:57:00+08:00,1.815,1.815,1.812,1.812
2026-05-25T20:58:00+08:00,1.812,1.813,1.811,1.813
2026-05-25T20:59:00+08:00,1.812,1.813,1.81,1.81
2026-05-25T21:00:00+08:00,1.81,1.812,1.808,1.809
2026-05-25T21:01:00+08:00,1.809,1.811,1.808,1.811
2026-05-25T21:02:00+08:00,1.811,1.811,1.808,1.809
2026-05-25T21:03:00+08:00,1.81,1.812,1.81,1.81
2026-05-25T21:04:00+08:00,1.811,1.811,1.809,1.81
2026-05-25T21:05:00+08:00,1.81,1.811,1.807,1.811
2026-05-25T21:06:00+08:00,1.81,1.81,1.808,1.81
2026-05-25T21:07:00+08:00,1.81,1.811,1.809,1.809
2026-05-25T21:08:00+08:00,1.81,1.813,1.81,1.812
2026-05-25T21:09:00+08:00,1.813,1.813,1.81,1.81
2026-05-25T21:10:00+08:00,1.81,1.811,1.81,1.811
2026-05-25T21:11:00+08:00,1.811,1.811,1.809,1.81
2026-05-25T21:12:00+08:00,1.809,1.809,1.807,1.808
2026-05-25T21:13:00+08:00,1.808,1.811,1.808,1.811
2026-05-25T21:14:00+08:00,1.811,1.813,1.81,1.811
2026-05-25T21:15:00+08:00,1.811,1.811,1.81,1.81
2026-05-25T21:16:00+08:00,1.811,1.813,1.811,1.812
2026-05-25T21:17:00+08:00,1.813,1.814,1.812,1.813
2026-05-25T21:18:00+08:00,1.813,1.813,1.811,1.812
2026-05-25T21:19:00+08:00,1.812,1.812,1.811,1.812
2026-05-25T21:20:00+08:00,1.812,1.813,1.811,1.812
2026-05-25T21:21:00+08:00,1.813,1.817,1.813,1.816
2026-05-25T21:22:00+08:00,1.817,1.818,1.814,1.815
2026-05-25T21:23:00+08:00,1.815,1.817,1.815,1.817
2026-05-25T21:24:00+08:00,1.817,1.817,1.815,1.816
2026-05-25T21:25:00+08:00,1.816,1.816,1.814,1.814
2026-05-25T21:26:00+08:00,1.815,1.817,1.814,1.815
2026-05-25T21:27:00+08:00,1.814,1.815,1.813,1.813
2026-05-25T21:28:00+08:00,1.814,1.816,1.813,1.813
2026-05-25T21:29:00+08:00,1.813,1.816,1.813,1.816
2026-05-25T21:30:00+08:00,1.817,1.817,1.816,1.816
2026-05-25T21:31:00+08:00,1.816,1.817,1.816,1.816
2026-05-25T21:32:00+08:00,1.816,1.816,1.813,1.816
2026-05-25T21:33:00+08:00,1.815,1.816,1.813,1.813
2026-05-25T21:34:00+08:00,1.814,1.815,1.811,1.813
2026-05-25T21:35:00+08:00,1.813,1.814,1.812,1.814
2026-05-25T21:36:00+08:00,1.813,1.815,1.811,1.814
2026-05-25T21:37:00+08:00,1.815,1.818,1.815,1.818
2026-05-25T21:38:00+08:00,1.817,1.817,1.816,1.817
2026-05-25T21:39:00+08:00,1.818,1.818,1.816,1.817
2026-05-25T21:40:00+08:00,1.818,1.821,1.818,1.82
2026-05-25T21:41:00+08:00,1.821,1.824,1.821,1.823
2026-05-25T21:42:00+08:00,1.823,1.824,1.822,1.823
2026-05-25T21:43:00+08:00,1.822,1.823,1.821,1.822
2026-05-25T21:44:00+08:00,1.822,1.824,1.821,1.823
2026-05-25T21:45:00+08:00,1.823,1.823,1.821,1.821
2026-05-25T21:46:00+08:00,1.82,1.821,1.82,1.821
2026-05-25T21:47:00+08:00,1.821,1.821,1.819,1.821
2026-05-25T21:48:00+08:00,1.821,1.822,1.821,1.821
2026-05-25T21:49:00+08:00,1.822,1.825,1.822,1.825
2026-05-25T21:50:00+08:00,1.825,1.826,1.824,1.824
2026-05-25T21:51:00+08:00,1.825,1.826,1.824,1.825
2026-05-25T21:52:00+08:00,1.825,1.826,1.824,1.826
2026-05-25T21:53:00+08:00,1.826,1.829,1.826,1.828
2026-05-25T21:54:00+08:00,1.829,1.834,1.828,1.834
2026-05-25T21:55:00+08:00,1.834,1.836,1.833,1.834
2026-05-25T21:56:00+08:00,1.835,1.838,1.835,1.837
2026-05-25T21:57:00+08:00,1.837,1.84,1.836,1.837
2026-05-25T21:58:00+08:00,1.838,1.84,1.838,1.84
2026-05-25T21:59:00+08:00,1.84,1.841,1.838,1.841
2026-05-25T22:00:00+08:00,1.841,1.853,1.841,1.852
2026-05-25T22:01:00+08:00,1.852,1.856,1.85,1.856
2026-05-25T22:02:00+08:00,1.855,1.856,1.851,1.852
2026-05-25T22:03:00+08:00,1.852,1.856,1.852,1.855
2026-05-25T22:04:00+08:00,1.854,1.857,1.853,1.857
2026-05-25T22:05:00+08:00,1.856,1.862,1.855,1.859
2026-05-25T22:06:00+08:00,1.858,1.858,1.845,1.847
2026-05-25T22:07:00+08:00,1.847,1.854,1.847,1.854
2026-05-25T22:08:00+08:00,1.853,1.854,1.842,1.843
2026-05-25T22:09:00+08:00,1.843,1.844,1.84,1.844
2026-05-25T22:10:00+08:00,1.845,1.848,1.845,1.847
2026-05-25T22:11:00+08:00,1.847,1.847,1.845,1.847
2026-05-25T22:12:00+08:00,1.847,1.85,1.845,1.849
2026-05-25T22:13:00+08:00,1.849,1.849,1.847,1.848
2026-05-25T22:14:00+08:00,1.847,1.851,1.847,1.849
2026-05-25T22:15:00+08:00,1.848,1.851,1.847,1.851
2026-05-25T22:16:00+08:00,1.851,1.854,1.847,1.852
2026-05-25T22:17:00+08:00,1.851,1.853,1.85,1.85
2026-05-25T22:18:00+08:00,1.85,1.852,1.849,1.849
2026-05-25T22:19:00+08:00,1.848,1.848,1.846,1.847
2026-05-25T22:20:00+08:00,1.847,1.847,1.844,1.845
2026-05-25T22:21:00+08:00,1.844,1.847,1.843,1.846
2026-05-25T22:22:00+08:00,1.846,1.849,1.846,1.849
2026-05-25T22:23:00+08:00,1.849,1.85,1.845,1.845
2026-05-25T22:24:00+08:00,1.846,1.846,1.84,1.842
2026-05-25T22:25:00+08:00,1.843,1.846,1.842,1.843
2026-05-25T22:26:00+08:00,1.842,1.842,1.84,1.842
2026-05-25T22:27:00+08:00,1.843,1.843,1.841,1.843
2026-05-25T22:28:00+08:00,1.844,1.844,1.841,1.842
2026-05-25T22:29:00+08:00,1.842,1.845,1.842,1.845
2026-05-25T22:30:00+08:00,1.845,1.845,1.839,1.841
2026-05-25T22:31:00+08:00,1.841,1.842,1.84,1.841
2026-05-25T22:32:00+08:00,1.841,1.843,1.84,1.842
2026-05-25T22:33:00+08:00,1.843,1.85,1.842,1.846
2026-05-25T22:34:00+08:00,1.846,1.851,1.846,1.851
2026-05-25T22:35:00+08:00,1.851,1.851,1.848,1.851
2026-05-25T22:36:00+08:00,1.851,1.852,1.851,1.852
2026-05-25T22:37:00+08:00,1.852,1.854,1.852,1.853
2026-05-25T22:38:00+08:00,1.854,1.854,1.85,1.853
2026-05-25T22:39:00+08:00,1.853,1.856,1.853,1.855
2026-05-25T22:40:00+08:00,1.856,1.858,1.855,1.857
2026-05-25T22:41:00+08:00,1.857,1.857,1.852,1.854
2026-05-25T22:42:00+08:00,1.853,1.854,1.851,1.852
2026-05-25T22:43:00+08:00,1.853,1.854,1.852,1.854
2026-05-25T22:44:00+08:00,1.853,1.856,1.853,1.856
2026-05-25T22:45:00+08:00,1.855,1.856,1.853,1.855
2026-05-25T22:46:00+08:00,1.856,1.863,1.855,1.863
2026-05-25T22:47:00+08:00,1.862,1.869,1.861,1.862
2026-05-25T22:48:00+08:00,1.863,1.865,1.862,1.862
2026-05-25T22:49:00+08:00,1.862,1.862,1.859,1.86
2026-05-25T22:50:00+08:00,1.861,1.865,1.859,1.863
2026-05-25T22:51:00+08:00,1.863,1.867,1.863,1.865
2026-05-25T22:52:00+08:00,1.865,1.865,1.862,1.862
2026-05-25T22:53:00+08:00,1.861,1.861,1.859,1.86
2026-05-25T22:54:00+08:00,1.86,1.864,1.86,1.864
2026-05-25T22:55:00+08:00,1.864,1.865,1.862,1.865
2026-05-25T22:56:00+08:00,1.864,1.874,1.862,1.872
2026-05-25T22:57:00+08:00,1.873,1.877,1.873,1.876
2026-05-25T22:58:00+08:00,1.877,1.891,1.876,1.885
2026-05-25T22:59:00+08:00,1.884,1.887,1.882,1.884
2026-05-25T23:00:00+08:00,1.883,1.891,1.882,1.89
2026-05-25T23:01:00+08:00,1.889,1.892,1.887,1.89
2026-05-25T23:02:00+08:00,1.89,1.898,1.888,1.897
2026-05-25T23:03:00+08:00,1.896,1.899,1.895,1.898
2026-05-25T23:04:00+08:00,1.898,1.906,1.894,1.904
2026-05-25T23:05:00+08:00,1.905,1.916,1.905,1.91
2026-05-25T23:06:00+08:00,1.909,1.918,1.909,1.914
2026-05-25T23:07:00+08:00,1.914,1.918,1.906,1.908
2026-05-25T23:08:00+08:00,1.908,1.918,1.908,1.918
2026-05-25T23:09:00+08:00,1.917,1.93,1.916,1.923
2026-05-25T23:10:00+08:00,1.923,1.926,1.917,1.925
2026-05-25T23:11:00+08:00,1.925,1.931,1.921,1.928
2026-05-25T23:12:00+08:00,1.928,1.93,1.923,1.923
2026-05-25T23:13:00+08:00,1.924,1.925,1.913,1.916
2026-05-25T23:14:00+08:00,1.915,1.921,1.915,1.92
2026-05-25T23:15:00+08:00,1.92,1.92,1.894,1.902
2026-05-25T23:16:00+08:00,1.902,1.904,1.893,1.903
2026-05-25T23:17:00+08:00,1.903,1.913,1.902,1.904
2026-05-25T23:18:00+08:00,1.904,1.908,1.899,1.901
2026-05-25T23:19:00+08:00,1.901,1.904,1.898,1.902
2026-05-25T23:20:00+08:00,1.902,1.908,1.902,1.903
2026-05-25T23:21:00+08:00,1.904,1.905,1.899,1.9
2026-05-25T23:22:00+08:00,1.9,1.901,1.896,1.897
2026-05-25T23:23:00+08:00,1.898,1.9,1.893,1.896
2026-05-25T23:24:00+08:00,1.896,1.909,1.896,1.907
2026-05-25T23:25:00+08:00,1.907,1.923,1.907,1.921
2026-05-25T23:26:00+08:00,1.921,1.922,1.917,1.92
2026-05-25T23:27:00+08:00,1.919,1.92,1.911,1.912
2026-05-25T23:28:00+08:00,1.912,1.923,1.908,1.916
2026-05-25T23:29:00+08:00,1.915,1.917,1.914,1.915
2026-05-25T23:30:00+08:00,1.915,1.915,1.903,1.905
2026-05-25T23:31:00+08:00,1.905,1.906,1.9,1.903
2026-05-25T23:32:00+08:00,1.903,1.904,1.894,1.894
2026-05-25T23:33:00+08:00,1.894,1.901,1.893,1.901
2026-05-25T23:34:00+08:00,1.902,1.911,1.9,1.911
2026-05-25T23:35:00+08:00,1.911,1.917,1.91,1.914
2026-05-25T23:36:00+08:00,1.914,1.924,1.908,1.918
2026-05-25T23:37:00+08:00,1.918,1.92,1.906,1.908
2026-05-25T23:38:00+08:00,1.909,1.916,1.909,1.915
2026-05-25T23:39:00+08:00,1.915,1.925,1.915,1.923
2026-05-25T23:40:00+08:00,1.922,1.925,1.921,1.922
2026-05-25T23:41:00+08:00,1.923,1.923,1.917,1.921
2026-05-25T23:42:00+08:00,1.921,1.924,1.914,1.921
2026-05-25T23:43:00+08:00,1.92,1.922,1.917,1.921
2026-05-25T23:44:00+08:00,1.921,1.925,1.921,1.924
2026-05-25T23:45:00+08:00,1.925,1.933,1.925,1.932
2026-05-25T23:46:00+08:00,1.932,1.939,1.932,1.939
2026-05-25T23:47:00+08:00,1.939,1.948,1.935,1.937
2026-05-25T23:48:00+08:00,1.938,1.941,1.934,1.938
2026-05-25T23:49:00+08:00,1.937,1.948,1.937,1.948
2026-05-25T23:50:00+08:00,1.948,1.956,1.945,1.954
2026-05-25T23:51:00+08:00,1.954,1.959,1.951,1.952
2026-05-25T23:52:00+08:00,1.952,1.954,1.948,1.949
2026-05-25T23:53:00+08:00,1.949,1.958,1.947,1.956
2026-05-25T23:54:00+08:00,1.956,1.962,1.956,1.957
2026-05-25T23:55:00+08:00,1.957,1.962,1.956,1.959
2026-05-25T23:56:00+08:00,1.959,1.964,1.952,1.959
2026-05-25T23:57:00+08:00,1.959,1.987,1.959,1.975
2026-05-25T23:58:00+08:00,1.975,1.982,1.972,1.98
2026-05-25T23:59:00+08:00,1.979,1.98,1.974,1.975
2026-05-26T00:00:00+08:00,1.976,1.99,1.976,1.987
2026-05-26T00:01:00+08:00,1.986,1.986,1.974,1.979
2026-05-26T00:02:00+08:00,1.98,1.99,1.979,1.985
2026-05-26T00:03:00+08:00,1.984,1.99,1.98,1.987
2026-05-26T00:04:00+08:00,1.988,2.006,1.987,2.004
2026-05-26T00:05:00+08:00,2.005,2.006,1.994,2.003
2026-05-26T00:06:00+08:00,2.003,2.018,2.002,2.014
2026-05-26T00:07:00+08:00,2.014,2.015,2.002,2.008
2026-05-26T00:08:00+08:00,2.008,2.018,2.005,2.013
2026-05-26T00:09:00+08:00,2.012,2.02,2.011,2.018
2026-05-26T00:10:00+08:00,2.018,2.069,2.018,2.047
2026-05-26T00:11:00+08:00,2.046,2.053,2.04,2.05
2026-05-26T00:12:00+08:00,2.051,2.058,2.03,2.036
2026-05-26T00:13:00+08:00,2.037,2.042,2.022,2.023
2026-05-26T00:14:00+08:00,2.023,2.036,2.023,2.03
2026-05-26T00:15:00+08:00,2.03,2.043,2.024,2.041
2026-05-26T00:16:00+08:00,2.04,2.053,2.039,2.047
2026-05-26T00:17:00+08:00,2.047,2.07,2.047,2.063
2026-05-26T00:18:00+08:00,2.062,2.07,2.057,2.06
2026-05-26T00:19:00+08:00,2.06,2.071,2.06,2.065
2026-05-26T00:20:00+08:00,2.065,2.072,2.058,2.069
2026-05-26T00:21:00+08:00,2.069,2.07,2.048,2.054
2026-05-26T00:22:00+08:00,2.053,2.064,2.05,2.063
2026-05-26T00:23:00+08:00,2.063,2.077,2.063,2.075
2026-05-26T00:24:00+08:00,2.074,2.075,2.041,2.044
2026-05-26T00:25:00+08:00,2.044,2.067,2.044,2.057
2026-05-26T00:26:00+08:00,2.056,2.071,2.056,2.068
2026-05-26T00:27:00+08:00,2.067,2.069,2.058,2.061
2026-05-26T00:28:00+08:00,2.061,2.068,2.059,2.06
2026-05-26T00:29:00+08:00,2.06,2.069,2.054,2.059
2026-05-26T00:30:00+08:00,2.059,2.068,2.056,2.064
2026-05-26T00:31:00+08:00,2.064,2.068,2.057,2.059
2026-05-26T00:32:00+08:00,2.058,2.064,2.049,2.062
2026-05-26T00:33:00+08:00,2.062,2.067,2.06,2.066
2026-05-26T00:34:00+08:00,2.067,2.07,2.057,2.06
2026-05-26T00:35:00+08:00,2.061,2.063,2.053,2.055
2026-05-26T00:36:00+08:00,2.055,2.062,2.055,2.061
2026-05-26T00:37:00+08:00,2.061,2.063,2.053,2.053
2026-05-26T00:38:00+08:00,2.053,2.056,2.032,2.04
2026-05-26T00:39:00+08:00,2.04,2.054,2.04,2.048
2026-05-26T00:40:00+08:00,2.049,2.065,2.049,2.065
2026-05-26T00:41:00+08:00,2.065,2.073,2.06,2.07
2026-05-26T00:42:00+08:00,2.07,2.074,2.066,2.069
2026-05-26T00:43:00+08:00,2.069,2.069,2.053,2.055
2026-05-26T00:44:00+08:00,2.055,2.061,2.052,2.06
2026-05-26T00:45:00+08:00,2.059,2.06,2.046,2.047
2026-05-26T00:46:00+08:00,2.048,2.062,2.048,2.054
2026-05-26T00:47:00+08:00,2.054,2.064,2.053,2.062
2026-05-26T00:48:00+08:00,2.062,2.067,2.055,2.065
2026-05-26T00:49:00+08:00,2.065,2.083,2.062,2.082
2026-05-26T00:50:00+08:00,2.083,2.087,2.073,2.075
2026-05-26T00:51:00+08:00,2.075,2.075,2.067,2.068
2026-05-26T00:52:00+08:00,2.067,2.07,2.067,2.068
2026-05-26T00:53:00+08:00,2.068,2.069,2.061,2.068
2026-05-26T00:54:00+08:00,2.069,2.071,2.065,2.071
2026-05-26T00:55:00+08:00,2.071,2.074,2.061,2.062
2026-05-26T00:56:00+08:00,2.062,2.076,2.061,2.074
2026-05-26T00:57:00+08:00,2.073,2.076,2.067,2.073
2026-05-26T00:58:00+08:00,2.074,2.076,2.071,2.073
2026-05-26T00:59:00+08:00,2.074,2.085,2.074,2.083
2026-05-26T01:00:00+08:00,2.083,2.093,2.081,2.092
2026-05-26T01:01:00+08:00,2.093,2.12,2.093,2.11
2026-05-26T01:02:00+08:00,2.109,2.113,2.103,2.107
2026-05-26T01:03:00+08:00,2.108,2.112,2.103,2.104
2026-05-26T01:04:00+08:00,2.104,2.114,2.102,2.11
2026-05-26T01:05:00+08:00,2.11,2.11,2.104,2.104
2026-05-26T01:06:00+08:00,2.105,2.113,2.104,2.108
2026-05-26T01:07:00+08:00,2.107,2.128,2.106,2.127
2026-05-26T01:08:00+08:00,2.126,2.136,2.124,2.133
2026-05-26T01:09:00+08:00,2.133,2.14,2.131,2.134
2026-05-26T01:10:00+08:00,2.134,2.149,2.133,2.147
2026-05-26T01:11:00+08:00,2.146,2.151,2.139,2.142
2026-05-26T01:12:00+08:00,2.142,2.157,2.141,2.152
2026-05-26T01:13:00+08:00,2.152,2.159,2.148,2.154
2026-05-26T01:14:00+08:00,2.154,2.158,2.144,2.153
2026-05-26T01:15:00+08:00,2.153,2.155,2.145,2.15
2026-05-26T01:16:00+08:00,2.149,2.158,2.149,2.157
2026-05-26T01:17:00+08:00,2.157,2.157,2.133,2.139
2026-05-26T01:18:00+08:00,2.139,2.157,2.138,2.155
2026-05-26T01:19:00+08:00,2.155,2.16,2.149,2.159
2026-05-26T01:20:00+08:00,2.159,2.176,2.148,2.15
2026-05-26T01:21:00+08:00,2.151,2.164,2.15,2.163
2026-05-26T01:22:00+08:00,2.163,2.169,2.154,2.161
2026-05-26T01:23:00+08:00,2.161,2.174,2.161,2.166
2026-05-26T01:24:00+08:00,2.165,2.17,2.163,2.165
2026-05-26T01:25:00+08:00,2.165,2.173,2.163,2.169
2026-05-26T01:26:00+08:00,2.169,2.171,2.165,2.171
2026-05-26T01:27:00+08:00,2.171,2.173,2.164,2.168
2026-05-26T01:28:00+08:00,2.167,2.173,2.163,2.168
2026-05-26T01:29:00+08:00,2.167,2.182,2.164,2.176
2026-05-26T01:30:00+08:00,2.176,2.186,2.173,2.186
2026-05-26T01:31:00+08:00,2.187,2.198,2.176,2.185
2026-05-26T01:32:00+08:00,2.185,2.188,2.153,2.157
2026-05-26T01:33:00+08:00,2.156,2.162,2.145,2.152
2026-05-26T01:34:00+08:00,2.152,2.169,2.152,2.162
2026-05-26T01:35:00+08:00,2.162,2.173,2.16,2.163
2026-05-26T01:36:00+08:00,2.164,2.169,2.159,2.165
2026-05-26T01:37:00+08:00,2.165,2.166,2.158,2.163
2026-05-26T01:38:00+08:00,2.163,2.168,2.158,2.159
2026-05-26T01:39:00+08:00,2.159,2.164,2.157,2.158
2026-05-26T01:40:00+08:00,2.159,2.166,2.157,2.158
2026-05-26T01:41:00+08:00,2.159,2.159,2.15,2.15
2026-05-26T01:42:00+08:00,2.151,2.154,2.147,2.15
2026-05-26T01:43:00+08:00,2.15,2.155,2.144,2.147
2026-05-26T01:44:00+08:00,2.148,2.156,2.148,2.153
2026-05-26T01:45:00+08:00,2.153,2.153,2.144,2.148
2026-05-26T01:46:00+08:00,2.147,2.153,2.1,2.109
2026-05-26T01:47:00+08:00,2.109,2.112,2.088,2.093
2026-05-26T01:48:00+08:00,2.093,2.097,2.077,2.09
2026-05-26T01:49:00+08:00,2.09,2.1,2.084,2.088
2026-05-26T01:50:00+08:00,2.089,2.098,2.088,2.089
2026-05-26T01:51:00+08:00,2.09,2.091,2.072,2.074
2026-05-26T01:52:00+08:00,2.074,2.08,2.066,2.071
2026-05-26T01:53:00+08:00,2.071,2.083,2.07,2.076
2026-05-26T01:54:00+08:00,2.076,2.088,2.076,2.079
2026-05-26T01:55:00+08:00,2.079,2.083,2.058,2.063
2026-05-26T01:56:00+08:00,2.064,2.076,2.064,2.072
2026-05-26T01:57:00+08:00,2.073,2.077,2.049,2.057
2026-05-26T01:58:00+08:00,2.057,2.062,2.054,2.057
2026-05-26T01:59:00+08:00,2.058,2.059,2.046,2.052
2026-05-26T02:00:00+08:00,2.052,2.056,2.038,2.049
2026-05-26T02:01:00+08:00,2.049,2.056,2.041,2.054
2026-05-26T02:02:00+08:00,2.055,2.06,2.048,2.057
2026-05-26T02:03:00+08:00,2.057,2.074,2.057,2.072
2026-05-26T02:04:00+08:00,2.072,2.081,2.065,2.07
2026-05-26T02:05:00+08:00,2.07,2.074,2.06,2.06
2026-05-26T02:06:00+08:00,2.061,2.073,2.061,2.069
2026-05-26T02:07:00+08:00,2.068,2.075,2.065,2.067
2026-05-26T02:08:00+08:00,2.067,2.072,2.066,2.069
2026-05-26T02:09:00+08:00,2.069,2.072,2.067,2.068
2026-05-26T02:10:00+08:00,2.067,2.067,2.045,2.049
2026-05-26T02:11:00+08:00,2.049,2.056,2.049,2.053
2026-05-26T02:12:00+08:00,2.053,2.056,2.047,2.053
2026-05-26T02:13:00+08:00,2.053,2.053,2.047,2.051
2026-05-26T02:14:00+08:00,2.051,2.054,2.047,2.054
2026-05-26T02:15:00+08:00,2.055,2.058,2.05,2.056
2026-05-26T02:16:00+08:00,2.057,2.064,2.054,2.059
2026-05-26T02:17:00+08:00,2.059,2.061,2.05,2.05
2026-05-26T02:18:00+08:00,2.051,2.056,2.05,2.056
2026-05-26T02:19:00+08:00,2.055,2.058,2.051,2.052
2026-05-26T02:20:00+08:00,2.052,2.056,2.045,2.053
2026-05-26T02:21:00+08:00,2.053,2.061,2.052,2.06
2026-05-26T02:22:00+08:00,2.059,2.059,2.05,2.051
2026-05-26T02:23:00+08:00,2.05,2.052,2.048,2.05
2026-05-26T02:24:00+08:00,2.05,2.052,2.044,2.048
2026-05-26T02:25:00+08:00,2.047,2.051,2.041,2.047
2026-05-26T02:26:00+08:00,2.048,2.053,2.047,2.048
2026-05-26T02:27:00+08:00,2.048,2.056,2.045,2.047
2026-05-26T02:28:00+08:00,2.048,2.053,2.048,2.051
2026-05-26T02:29:00+08:00,2.051,2.059,2.051,2.059
2026-05-26T02:30:00+08:00,2.059,2.066,2.055,2.056
2026-05-26T02:31:00+08:00,2.056,2.063,2.053,2.063
2026-05-26T02:32:00+08:00,2.062,2.062,2.057,2.058
2026-05-26T02:33:00+08:00,2.058,2.059,2.057,2.058
2026-05-26T02:34:00+08:00,2.059,2.067,2.059,2.064
2026-05-26T02:35:00+08:00,2.065,2.066,2.059,2.06
2026-05-26T02:36:00+08:00,2.059,2.066,2.054,2.055
2026-05-26T02:37:00+08:00,2.054,2.061,2.05,2.058
2026-05-26T02:38:00+08:00,2.057,2.06,2.051,2.055
2026-05-26T02:39:00+08:00,2.055,2.056,2.048,2.05
2026-05-26T02:40:00+08:00,2.05,2.05,2.041,2.05
2026-05-26T02:41:00+08:00,2.05,2.055,2.047,2.055
2026-05-26T02:42:00+08:00,2.054,2.061,2.054,2.058
2026-05-26T02:43:00+08:00,2.059,2.062,2.052,2.052
2026-05-26T02:44:00+08:00,2.051,2.052,2.047,2.052
2026-05-26T02:45:00+08:00,2.052,2.055,2.046,2.048
2026-05-26T02:46:00+08:00,2.049,2.054,2.049,2.053
2026-05-26T02:47:00+08:00,2.053,2.055,2.051,2.055
2026-05-26T02:48:00+08:00,2.055,2.059,2.053,2.057
2026-05-26T02:49:00+08:00,2.056,2.057,2.054,2.056
2026-05-26T02:50:00+08:00,2.056,2.057,2.051,2.054
2026-05-26T02:51:00+08:00,2.054,2.057,2.05,2.053
2026-05-26T02:52:00+08:00,2.053,2.053,2.047,2.049
2026-05-26T02:53:00+08:00,2.049,2.054,2.048,2.053
2026-05-26T02:54:00+08:00,2.054,2.056,2.042,2.043
2026-05-26T02:55:00+08:00,2.044,2.055,2.044,2.054
2026-05-26T02:56:00+08:00,2.054,2.054,2.045,2.047
2026-05-26T02:57:00+08:00,2.048,2.05,2.043,2.049
2026-05-26T02:58:00+08:00,2.05,2.05,2.046,2.049
2026-05-26T02:59:00+08:00,2.049,2.053,2.046,2.053
2026-05-26T03:00:00+08:00,2.053,2.055,2.049,2.05
2026-05-26T03:01:00+08:00,2.049,2.049,2.018,2.023
2026-05-26T03:02:00+08:00,2.024,2.033,2.024,2.029
2026-05-26T03:03:00+08:00,2.028,2.032,2.016,2.02
2026-05-26T03:04:00+08:00,2.02,2.024,2.012,2.02
2026-05-26T03:05:00+08:00,2.02,2.024,2.018,2.02
2026-05-26T03:06:00+08:00,2.021,2.022,2.016,2.016
2026-05-26T03:07:00+08:00,2.017,2.022,2.016,2.022
2026-05-26T03:08:00+08:00,2.021,2.022,2.018,2.018
2026-05-26T03:09:00+08:00,2.019,2.019,2.008,2.011
2026-05-26T03:10:00+08:00,2.012,2.017,2.011,2.017
2026-05-26T03:11:00+08:00,2.018,2.024,2.017,2.02
2026-05-26T03:12:00+08:00,2.02,2.025,2.02,2.023
2026-05-26T03:13:00+08:00,2.022,2.024,2.021,2.023
2026-05-26T03:14:00+08:00,2.024,2.026,2.021,2.023
2026-05-26T03:15:00+08:00,2.023,2.028,2.023,2.024
2026-05-26T03:16:00+08:00,2.025,2.029,2.025,2.029
2026-05-26T03:17:00+08:00,2.029,2.03,2.021,2.023
2026-05-26T03:18:00+08:00,2.023,2.024,2.013,2.019
2026-05-26T03:19:00+08:00,2.019,2.021,2.019,2.019
2026-05-26T03:20:00+08:00,2.02,2.02,2.012,2.013
2026-05-26T03:21:00+08:00,2.013,2.016,2.012,2.014
2026-05-26T03:22:00+08:00,2.015,2.015,2.012,2.013
2026-05-26T03:23:00+08:00,2.013,2.015,2.011,2.013
2026-05-26T03:24:00+08:00,2.014,2.016,2.011,2.011
2026-05-26T03:25:00+08:00,2.01,2.015,2.01,2.015
2026-05-26T03:26:00+08:00,2.014,2.014,2.01,2.01
2026-05-26T03:27:00+08:00,2.009,2.012,2.006,2.009
2026-05-26T03:28:00+08:00,2.01,2.014,2.009,2.01
2026-05-26T03:29:00+08:00,2.01,2.013,2.01,2.011
2026-05-26T03:30:00+08:00,2.012,2.013,2.01,2.01
2026-05-26T03:31:00+08:00,2.011,2.013,2.009,2.01
2026-05-26T03:32:00+08:00,2.01,2.011,2.008,2.009
2026-05-26T03:33:00+08:00,2.008,2.009,1.999,2.006
2026-05-26T03:34:00+08:00,2.007,2.008,2,2.001
2026-05-26T03:35:00+08:00,2,2.003,1.995,1.995
2026-05-26T03:36:00+08:00,1.995,2,1.994,1.998
2026-05-26T03:37:00+08:00,1.999,2,1.99,1.993
2026-05-26T03:38:00+08:00,1.993,1.994,1.988,1.989
2026-05-26T03:39:00+08:00,1.99,1.994,1.986,1.987
2026-05-26T03:40:00+08:00,1.988,1.996,1.986,1.995
2026-05-26T03:41:00+08:00,1.995,2,1.994,1.999
2026-05-26T03:42:00+08:00,2,2.007,2,2.007
2026-05-26T03:43:00+08:00,2.008,2.01,2.005,2.005
2026-05-26T03:44:00+08:00,2.004,2.004,2,2.002
2026-05-26T03:45:00+08:00,2.002,2.009,2.001,2.005
2026-05-26T03:46:00+08:00,2.004,2.006,2,2.004
2026-05-26T03:47:00+08:00,2.004,2.004,1.998,1.999
2026-05-26T03:48:00+08:00,1.999,1.999,1.995,1.996
2026-05-26T03:49:00+08:00,1.996,1.997,1.995,1.995
2026-05-26T03:50:00+08:00,1.996,1.999,1.992,1.999
2026-05-26T03:51:00+08:00,2,2.004,2,2.004
2026-05-26T03:52:00+08:00,2.004,2.008,2.004,2.008
2026-05-26T03:53:00+08:00,2.008,2.01,2.006,2.008
2026-05-26T03:54:00+08:00,2.008,2.01,2.007,2.01
2026-05-26T03:55:00+08:00,2.009,2.01,2.008,2.009
2026-05-26T03:56:00+08:00,2.009,2.009,1.996,1.998
2026-05-26T03:57:00+08:00,1.999,2.002,1.997,2
2026-05-26T03:58:00+08:00,1.999,2.003,1.998,2.002
2026-05-26T03:59:00+08:00,2.001,2.005,2.001,2.003
2026-05-26T04:00:00+08:00,2.004,2.004,1.999,1.999
2026-05-26T04:01:00+08:00,1.999,2.001,1.997,2.001
2026-05-26T04:02:00+08:00,2.001,2.004,1.998,2.002
2026-05-26T04:03:00+08:00,2.002,2.005,2,2
2026-05-26T04:04:00+08:00,1.999,1.999,1.996,1.998
2026-05-26T04:05:00+08:00,1.998,2,1.997,1.998
2026-05-26T04:06:00+08:00,1.998,2,1.998,2
2026-05-26T04:07:00+08:00,1.999,2.003,1.996,2.001
2026-05-26T04:08:00+08:00,2.001,2.001,1.993,1.997
2026-05-26T04:09:00+08:00,1.996,1.998,1.996,1.998
2026-05-26T04:10:00+08:00,1.998,1.999,1.996,1.996
2026-05-26T04:11:00+08:00,1.997,1.999,1.996,1.997
2026-05-26T04:12:00+08:00,1.998,2.002,1.998,2.001
2026-05-26T04:13:00+08:00,2.001,2.001,1.998,1.999
2026-05-26T04:14:00+08:00,1.999,2.001,1.997,1.997
2026-05-26T04:15:00+08:00,1.996,1.998,1.995,1.997
2026-05-26T04:16:00+08:00,1.997,1.997,1.993,1.993
2026-05-26T04:17:00+08:00,1.993,1.994,1.99,1.992
2026-05-26T04:18:00+08:00,1.991,1.994,1.987,1.988
2026-05-26T04:19:00+08:00,1.987,1.996,1.987,1.996
2026-05-26T04:20:00+08:00,1.995,1.995,1.991,1.991
2026-05-26T04:21:00+08:00,1.992,1.992,1.987,1.989
2026-05-26T04:22:00+08:00,1.988,1.989,1.986,1.989
2026-05-26T04:23:00+08:00,1.989,1.99,1.986,1.988
2026-05-26T04:24:00+08:00,1.988,1.99,1.988,1.989
2026-05-26T04:25:00+08:00,1.99,1.995,1.99,1.992
2026-05-26T04:26:00+08:00,1.992,1.992,1.986,1.989
2026-05-26T04:27:00+08:00,1.988,1.99,1.987,1.988
2026-05-26T04:28:00+08:00,1.989,1.989,1.985,1.987
2026-05-26T04:29:00+08:00,1.988,1.99,1.986,1.986
2026-05-26T04:30:00+08:00,1.987,1.988,1.98,1.986
2026-05-26T04:31:00+08:00,1.986,1.987,1.985,1.985
2026-05-26T04:32:00+08:00,1.985,1.99,1.984,1.989
2026-05-26T04:33:00+08:00,1.988,1.991,1.987,1.99
2026-05-26T04:34:00+08:00,1.99,1.992,1.985,1.985
2026-05-26T04:35:00+08:00,1.985,1.988,1.98,1.982
2026-05-26T04:36:00+08:00,1.982,1.989,1.981,1.987
2026-05-26T04:37:00+08:00,1.988,1.99,1.985,1.986
2026-05-26T04:38:00+08:00,1.987,1.991,1.987,1.99
2026-05-26T04:39:00+08:00,1.989,1.989,1.983,1.984
2026-05-26T04:40:00+08:00,1.984,1.986,1.982,1.983
2026-05-26T04:41:00+08:00,1.983,1.983,1.965,1.969
2026-05-26T04:42:00+08:00,1.968,1.971,1.96,1.969
2026-05-26T04:43:00+08:00,1.969,1.978,1.969,1.978
2026-05-26T04:44:00+08:00,1.978,1.98,1.977,1.98
2026-05-26T04:45:00+08:00,1.98,1.982,1.975,1.982
2026-05-26T04:46:00+08:00,1.982,1.988,1.982,1.985
2026-05-26T04:47:00+08:00,1.985,1.986,1.982,1.983
2026-05-26T04:48:00+08:00,1.983,1.984,1.978,1.978
2026-05-26T04:49:00+08:00,1.977,1.977,1.97,1.971
2026-05-26T04:50:00+08:00,1.972,1.976,1.971,1.975
2026-05-26T04:51:00+08:00,1.975,1.975,1.969,1.97
2026-05-26T04:52:00+08:00,1.97,1.972,1.966,1.967
2026-05-26T04:53:00+08:00,1.967,1.973,1.966,1.97
2026-05-26T04:54:00+08:00,1.97,1.971,1.968,1.969
2026-05-26T04:55:00+08:00,1.97,1.976,1.97,1.976
2026-05-26T04:56:00+08:00,1.977,1.979,1.975,1.975
2026-05-26T04:57:00+08:00,1.975,1.975,1.962,1.968
2026-05-26T04:58:00+08:00,1.968,1.972,1.967,1.972
2026-05-26T04:59:00+08:00,1.973,1.973,1.97,1.97
2026-05-26T05:00:00+08:00,1.971,1.973,1.969,1.973
2026-05-26T05:01:00+08:00,1.972,1.974,1.969,1.971
2026-05-26T05:02:00+08:00,1.971,1.975,1.971,1.975
2026-05-26T05:03:00+08:00,1.974,1.978,1.974,1.975
2026-05-26T05:04:00+08:00,1.975,1.975,1.97,1.972
2026-05-26T05:05:00+08:00,1.973,1.975,1.972,1.973
2026-05-26T05:06:00+08:00,1.974,1.979,1.974,1.979
2026-05-26T05:07:00+08:00,1.98,1.982,1.979,1.982
2026-05-26T05:08:00+08:00,1.982,1.995,1.982,1.994
2026-05-26T05:09:00+08:00,1.994,1.997,1.993,1.994
2026-05-26T05:10:00+08:00,1.994,1.997,1.993,1.994
2026-05-26T05:11:00+08:00,1.993,2.005,1.993,1.999
2026-05-26T05:12:00+08:00,1.999,2.005,1.995,2.004
2026-05-26T05:13:00+08:00,2.004,2.005,1.996,2
2026-05-26T05:14:00+08:00,2.001,2.006,2,2.006
2026-05-26T05:15:00+08:00,2.005,2.005,1.998,1.998
2026-05-26T05:16:00+08:00,1.998,1.999,1.99,1.99
2026-05-26T05:17:00+08:00,1.991,1.995,1.989,1.993
2026-05-26T05:18:00+08:00,1.993,1.994,1.991,1.994
2026-05-26T05:19:00+08:00,1.994,1.994,1.991,1.993
2026-05-26T05:20:00+08:00,1.993,1.997,1.993,1.994
2026-05-26T05:21:00+08:00,1.993,1.996,1.993,1.994
2026-05-26T05:22:00+08:00,1.993,1.993,1.987,1.987
2026-05-26T05:23:00+08:00,1.987,1.987,1.979,1.98
2026-05-26T05:24:00+08:00,1.979,1.981,1.961,1.967
2026-05-26T05:25:00+08:00,1.967,1.97,1.967,1.968
2026-05-26T05:26:00+08:00,1.969,1.973,1.968,1.973
2026-05-26T05:27:00+08:00,1.973,1.974,1.971,1.972
2026-05-26T05:28:00+08:00,1.972,1.972,1.969,1.97
2026-05-26T05:29:00+08:00,1.97,1.972,1.968,1.971
2026-05-26T05:30:00+08:00,1.971,1.971,1.968,1.97
2026-05-26T05:31:00+08:00,1.969,1.979,1.968,1.979
2026-05-26T05:32:00+08:00,1.979,1.987,1.979,1.986
2026-05-26T05:33:00+08:00,1.985,1.985,1.979,1.979
2026-05-26T05:34:00+08:00,1.979,1.981,1.979,1.98
2026-05-26T05:35:00+08:00,1.981,1.987,1.979,1.986
2026-05-26T05:36:00+08:00,1.986,1.987,1.982,1.984
2026-05-26T05:37:00+08:00,1.983,1.983,1.974,1.978
2026-05-26T05:38:00+08:00,1.979,1.979,1.976,1.977
2026-05-26T05:39:00+08:00,1.978,1.98,1.978,1.98
2026-05-26T05:40:00+08:00,1.981,1.981,1.98,1.981
2026-05-26T05:41:00+08:00,1.982,1.982,1.979,1.979
2026-05-26T05:42:00+08:00,1.979,1.981,1.979,1.98
2026-05-26T05:43:00+08:00,1.98,1.982,1.978,1.979
2026-05-26T05:44:00+08:00,1.978,1.979,1.976,1.979
2026-05-26T05:45:00+08:00,1.978,1.979,1.977,1.977
2026-05-26T05:46:00+08:00,1.978,1.979,1.975,1.975
2026-05-26T05:47:00+08:00,1.976,1.978,1.972,1.974
2026-05-26T05:48:00+08:00,1.975,1.98,1.975,1.98
2026-05-26T05:49:00+08:00,1.981,1.982,1.98,1.982
2026-05-26T05:50:00+08:00,1.983,1.984,1.981,1.982
2026-05-26T05:51:00+08:00,1.982,1.982,1.981,1.981
2026-05-26T05:52:00+08:00,1.982,1.983,1.981,1.982
2026-05-26T05:53:00+08:00,1.983,1.983,1.981,1.981
2026-05-26T05:54:00+08:00,1.981,1.982,1.976,1.977
2026-05-26T05:55:00+08:00,1.978,1.978,1.972,1.972
2026-05-26T05:56:00+08:00,1.972,1.972,1.964,1.97
2026-05-26T05:57:00+08:00,1.971,1.972,1.97,1.972
2026-05-26T05:58:00+08:00,1.972,1.974,1.971,1.973
2026-05-26T05:59:00+08:00,1.973,1.974,1.972,1.973
2026-05-26T06:00:00+08:00,1.973,1.975,1.973,1.975
2026-05-26T06:01:00+08:00,1.976,1.976,1.967,1.968
2026-05-26T06:02:00+08:00,1.968,1.968,1.957,1.96
2026-05-26T06:03:00+08:00,1.959,1.959,1.948,1.953
2026-05-26T06:04:00+08:00,1.953,1.953,1.946,1.949
2026-05-26T06:05:00+08:00,1.949,1.956,1.949,1.955
2026-05-26T06:06:00+08:00,1.955,1.955,1.953,1.954
2026-05-26T06:07:00+08:00,1.953,1.953,1.951,1.952
2026-05-26T06:08:00+08:00,1.952,1.952,1.948,1.948
2026-05-26T06:09:00+08:00,1.947,1.95,1.945,1.947
2026-05-26T06:10:00+08:00,1.947,1.951,1.947,1.949
2026-05-26T06:11:00+08:00,1.948,1.948,1.944,1.945
2026-05-26T06:12:00+08:00,1.945,1.948,1.945,1.947
2026-05-26T06:13:00+08:00,1.946,1.946,1.944,1.944
2026-05-26T06:14:00+08:00,1.945,1.946,1.943,1.944
2026-05-26T06:15:00+08:00,1.944,1.945,1.943,1.943
2026-05-26T06:16:00+08:00,1.943,1.958,1.943,1.957
2026-05-26T06:17:00+08:00,1.956,1.957,1.951,1.951
2026-05-26T06:18:00+08:00,1.951,1.952,1.949,1.949
2026-05-26T06:19:00+08:00,1.95,1.954,1.95,1.954
2026-05-26T06:20:00+08:00,1.953,1.954,1.951,1.951
2026-05-26T06:21:00+08:00,1.952,1.955,1.952,1.955
2026-05-26T06:22:00+08:00,1.956,1.959,1.956,1.956
2026-05-26T06:23:00+08:00,1.956,1.956,1.954,1.954
2026-05-26T06:24:00+08:00,1.955,1.955,1.953,1.954
2026-05-26T06:25:00+08:00,1.954,1.954,1.95,1.951
2026-05-26T06:26:00+08:00,1.951,1.952,1.949,1.949
2026-05-26T06:27:00+08:00,1.949,1.95,1.947,1.95
2026-05-26T06:28:00+08:00,1.95,1.95,1.943,1.943
2026-05-26T06:29:00+08:00,1.943,1.945,1.94,1.943
2026-05-26T06:30:00+08:00,1.944,1.944,1.936,1.938
2026-05-26T06:31:00+08:00,1.938,1.94,1.935,1.936
2026-05-26T06:32:00+08:00,1.935,1.936,1.933,1.935
2026-05-26T06:33:00+08:00,1.935,1.939,1.933,1.939
2026-05-26T06:34:00+08:00,1.938,1.939,1.937,1.938
2026-05-26T06:35:00+08:00,1.939,1.939,1.933,1.937
2026-05-26T06:36:00+08:00,1.937,1.938,1.934,1.936
2026-05-26T06:37:00+08:00,1.937,1.94,1.936,1.939
2026-05-26T06:38:00+08:00,1.939,1.939,1.931,1.934
2026-05-26T06:39:00+08:00,1.934,1.935,1.934,1.934
2026-05-26T06:40:00+08:00,1.934,1.935,1.933,1.934
2026-05-26T06:41:00+08:00,1.934,1.937,1.933,1.933
2026-05-26T06:42:00+08:00,1.934,1.934,1.929,1.931
2026-05-26T06:43:00+08:00,1.931,1.934,1.93,1.934
2026-05-26T06:44:00+08:00,1.935,1.939,1.935,1.939
2026-05-26T06:45:00+08:00,1.939,1.94,1.937,1.94
2026-05-26T06:46:00+08:00,1.94,1.941,1.939,1.941
2026-05-26T06:47:00+08:00,1.941,1.942,1.94,1.941
2026-05-26T06:48:00+08:00,1.941,1.941,1.938,1.938
2026-05-26T06:49:00+08:00,1.938,1.94,1.938,1.94
2026-05-26T06:50:00+08:00,1.94,1.941,1.938,1.941
2026-05-26T06:51:00+08:00,1.941,1.942,1.94,1.94
2026-05-26T06:52:00+08:00,1.94,1.94,1.936,1.938
2026-05-26T06:53:00+08:00,1.937,1.937,1.935,1.936
2026-05-26T06:54:00+08:00,1.937,1.938,1.936,1.938
2026-05-26T06:55:00+08:00,1.938,1.938,1.936,1.936
2026-05-26T06:56:00+08:00,1.937,1.939,1.937,1.937
2026-05-26T06:57:00+08:00,1.937,1.937,1.933,1.933
2026-05-26T06:58:00+08:00,1.934,1.935,1.933,1.933
2026-05-26T06:59:00+08:00,1.933,1.933,1.929,1.93
2026-05-26T07:00:00+08:00,1.929,1.933,1.926,1.931
2026-05-26T07:01:00+08:00,1.932,1.936,1.931,1.931
2026-05-26T07:02:00+08:00,1.93,1.933,1.927,1.933
2026-05-26T07:03:00+08:00,1.933,1.934,1.931,1.932
2026-05-26T07:04:00+08:00,1.933,1.934,1.926,1.928
2026-05-26T07:05:00+08:00,1.929,1.931,1.929,1.93
2026-05-26T07:06:00+08:00,1.931,1.933,1.931,1.933
2026-05-26T07:07:00+08:00,1.934,1.935,1.934,1.935
2026-05-26T07:08:00+08:00,1.935,1.935,1.93,1.93
2026-05-26T07:09:00+08:00,1.93,1.934,1.93,1.934
2026-05-26T07:10:00+08:00,1.933,1.933,1.931,1.932
2026-05-26T07:11:00+08:00,1.932,1.934,1.932,1.933
2026-05-26T07:12:00+08:00,1.932,1.936,1.932,1.934
2026-05-26T07:13:00+08:00,1.934,1.936,1.934,1.934
2026-05-26T07:14:00+08:00,1.934,1.939,1.934,1.938
2026-05-26T07:15:00+08:00,1.939,1.941,1.939,1.939
2026-05-26T07:16:00+08:00,1.94,1.94,1.937,1.937
2026-05-26T07:17:00+08:00,1.936,1.937,1.935,1.935
2026-05-26T07:18:00+08:00,1.935,1.936,1.933,1.933
2026-05-26T07:19:00+08:00,1.933,1.933,1.931,1.931
2026-05-26T07:20:00+08:00,1.931,1.937,1.929,1.935
2026-05-26T07:21:00+08:00,1.936,1.938,1.936,1.938
2026-05-26T07:22:00+08:00,1.939,1.941,1.939,1.94
2026-05-26T07:23:00+08:00,1.941,1.945,1.939,1.94
2026-05-26T07:24:00+08:00,1.939,1.94,1.938,1.939
2026-05-26T07:25:00+08:00,1.939,1.943,1.938,1.943
2026-05-26T07:26:00+08:00,1.943,1.943,1.939,1.94
2026-05-26T07:27:00+08:00,1.939,1.941,1.938,1.94
2026-05-26T07:28:00+08:00,1.94,1.942,1.94,1.941
2026-05-26T07:29:00+08:00,1.941,1.944,1.941,1.944
2026-05-26T07:30:00+08:00,1.943,1.949,1.942,1.948
2026-05-26T07:31:00+08:00,1.948,1.953,1.947,1.953
2026-05-26T07:32:00+08:00,1.952,1.954,1.95,1.953
2026-05-26T07:33:00+08:00,1.952,1.952,1.948,1.949
2026-05-26T07:34:00+08:00,1.949,1.952,1.949,1.952
2026-05-26T07:35:00+08:00,1.952,1.953,1.947,1.948
2026-05-26T07:36:00+08:00,1.947,1.949,1.946,1.949
2026-05-26T07:37:00+08:00,1.948,1.949,1.945,1.945
2026-05-26T07:38:00+08:00,1.945,1.945,1.942,1.943
2026-05-26T07:39:00+08:00,1.943,1.946,1.942,1.945
2026-05-26T07:40:00+08:00,1.945,1.946,1.944,1.946
2026-05-26T07:41:00+08:00,1.945,1.954,1.945,1.953
2026-05-26T07:42:00+08:00,1.952,1.953,1.95,1.95
2026-05-26T07:43:00+08:00,1.95,1.951,1.949,1.949
2026-05-26T07:44:00+08:00,1.949,1.952,1.949,1.951
2026-05-26T07:45:00+08:00,1.951,1.951,1.949,1.95
2026-05-26T07:46:00+08:00,1.949,1.949,1.947,1.947
2026-05-26T07:47:00+08:00,1.947,1.949,1.947,1.947
2026-05-26T07:48:00+08:00,1.947,1.947,1.944,1.946
2026-05-26T07:49:00+08:00,1.946,1.952,1.946,1.951
2026-05-26T07:50:00+08:00,1.951,1.951,1.944,1.947
2026-05-26T07:51:00+08:00,1.947,1.949,1.947,1.948
2026-05-26T07:52:00+08:00,1.949,1.949,1.947,1.947
2026-05-26T07:53:00+08:00,1.947,1.947,1.946,1.947
2026-05-26T07:54:00+08:00,1.947,1.947,1.945,1.946
2026-05-26T07:55:00+08:00,1.946,1.948,1.946,1.946
2026-05-26T07:56:00+08:00,1.946,1.947,1.944,1.945
2026-05-26T07:57:00+08:00,1.945,1.945,1.939,1.939
2026-05-26T07:58:00+08:00,1.938,1.939,1.934,1.939
2026-05-26T07:59:00+08:00,1.939,1.94,1.938,1.939
2026-05-26T08:00:00+08:00,1.939,1.94,1.937,1.939
2026-05-26T08:01:00+08:00,1.938,1.938,1.928,1.929
2026-05-26T08:02:00+08:00,1.93,1.933,1.928,1.932
2026-05-26T08:03:00+08:00,1.933,1.942,1.933,1.941
2026-05-26T08:04:00+08:00,1.941,1.941,1.937,1.937
2026-05-26T08:05:00+08:00,1.936,1.938,1.935,1.936
2026-05-26T08:06:00+08:00,1.936,1.936,1.929,1.931
2026-05-26T08:07:00+08:00,1.932,1.934,1.93,1.932
2026-05-26T08:08:00+08:00,1.931,1.932,1.929,1.931
2026-05-26T08:09:00+08:00,1.932,1.932,1.929,1.931
2026-05-26T08:10:00+08:00,1.93,1.93,1.926,1.927
2026-05-26T08:11:00+08:00,1.928,1.929,1.926,1.929
2026-05-26T08:12:00+08:00,1.929,1.931,1.929,1.931
2026-05-26T08:13:00+08:00,1.931,1.933,1.931,1.933
2026-05-26T08:14:00+08:00,1.934,1.941,1.934,1.941
2026-05-26T08:15:00+08:00,1.941,1.944,1.941,1.942
2026-05-26T08:16:00+08:00,1.941,1.941,1.936,1.936
2026-05-26T08:17:00+08:00,1.936,1.937,1.933,1.937
2026-05-26T08:18:00+08:00,1.937,1.945,1.937,1.941
2026-05-26T08:19:00+08:00,1.941,1.941,1.939,1.94
2026-05-26T08:20:00+08:00,1.941,1.943,1.938,1.943
2026-05-26T08:21:00+08:00,1.943,1.945,1.942,1.944
2026-05-26T08:22:00+08:00,1.943,1.945,1.941,1.944
2026-05-26T08:23:00+08:00,1.944,1.947,1.94,1.94
2026-05-26T08:24:00+08:00,1.939,1.939,1.933,1.934
2026-05-26T08:25:00+08:00,1.933,1.933,1.928,1.928
2026-05-26T08:26:00+08:00,1.929,1.931,1.929,1.93
2026-05-26T08:27:00+08:00,1.931,1.932,1.93,1.93
2026-05-26T08:28:00+08:00,1.929,1.932,1.929,1.932
2026-05-26T08:29:00+08:00,1.931,1.931,1.925,1.926
2026-05-26T08:30:00+08:00,1.925,1.93,1.925,1.93
2026-05-26T08:31:00+08:00,1.93,1.93,1.926,1.926
2026-05-26T08:32:00+08:00,1.925,1.926,1.918,1.92
2026-05-26T08:33:00+08:00,1.921,1.924,1.92,1.924
2026-05-26T08:34:00+08:00,1.924,1.924,1.921,1.922
2026-05-26T08:35:00+08:00,1.921,1.921,1.917,1.917
2026-05-26T08:36:00+08:00,1.918,1.925,1.917,1.925
2026-05-26T08:37:00+08:00,1.925,1.925,1.921,1.921
2026-05-26T08:38:00+08:00,1.92,1.92,1.915,1.916
2026-05-26T08:39:00+08:00,1.917,1.923,1.917,1.922
2026-05-26T08:40:00+08:00,1.921,1.921,1.916,1.918
2026-05-26T08:41:00+08:00,1.919,1.92,1.916,1.919
2026-05-26T08:42:00+08:00,1.919,1.919,1.914,1.917
2026-05-26T08:43:00+08:00,1.916,1.918,1.915,1.916
2026-05-26T08:44:00+08:00,1.916,1.919,1.914,1.919
2026-05-26T08:45:00+08:00,1.92,1.92,1.916,1.919
2026-05-26T08:46:00+08:00,1.918,1.925,1.918,1.922
2026-05-26T08:47:00+08:00,1.922,1.922,1.918,1.919
2026-05-26T08:48:00+08:00,1.919,1.92,1.916,1.92
2026-05-26T08:49:00+08:00,1.92,1.924,1.92,1.921
2026-05-26T08:50:00+08:00,1.921,1.921,1.919,1.919
2026-05-26T08:51:00+08:00,1.919,1.919,1.915,1.916
2026-05-26T08:52:00+08:00,1.917,1.917,1.906,1.908
2026-05-26T08:53:00+08:00,1.907,1.907,1.904,1.906
2026-05-26T08:54:00+08:00,1.907,1.912,1.907,1.912
2026-05-26T08:55:00+08:00,1.912,1.92,1.912,1.919
2026-05-26T08:56:00+08:00,1.919,1.919,1.916,1.918
2026-05-26T08:57:00+08:00,1.918,1.919,1.917,1.917
2026-05-26T08:58:00+08:00,1.917,1.921,1.917,1.921
2026-05-26T08:59:00+08:00,1.921,1.922,1.919,1.919
2026-05-26T09:00:00+08:00,1.919,1.921,1.917,1.919
2026-05-26T09:01:00+08:00,1.919,1.921,1.919,1.92
2026-05-26T09:02:00+08:00,1.919,1.919,1.917,1.918
2026-05-26T09:03:00+08:00,1.917,1.917,1.911,1.913
2026-05-26T09:04:00+08:00,1.914,1.916,1.912,1.912
2026-05-26T09:05:00+08:00,1.912,1.912,1.907,1.91
2026-05-26T09:06:00+08:00,1.91,1.916,1.91,1.915
2026-05-26T09:07:00+08:00,1.915,1.915,1.912,1.912
2026-05-26T09:08:00+08:00,1.912,1.917,1.911,1.917
2026-05-26T09:09:00+08:00,1.917,1.917,1.913,1.913
2026-05-26T09:10:00+08:00,1.912,1.913,1.911,1.913
2026-05-26T09:11:00+08:00,1.913,1.913,1.91,1.912
2026-05-26T09:12:00+08:00,1.913,1.916,1.912,1.915
2026-05-26T09:13:00+08:00,1.914,1.915,1.909,1.91
2026-05-26T09:14:00+08:00,1.911,1.912,1.91,1.911
2026-05-26T09:15:00+08:00,1.91,1.91,1.905,1.906
2026-05-26T09:16:00+08:00,1.906,1.907,1.905,1.905
2026-05-26T09:17:00+08:00,1.905,1.908,1.899,1.907
2026-05-26T09:18:00+08:00,1.908,1.91,1.908,1.91
2026-05-26T09:19:00+08:00,1.909,1.911,1.908,1.909
2026-05-26T09:20:00+08:00,1.909,1.912,1.909,1.91
2026-05-26T09:21:00+08:00,1.91,1.911,1.91,1.911
2026-05-26T09:22:00+08:00,1.91,1.913,1.909,1.912
2026-05-26T09:23:00+08:00,1.912,1.912,1.911,1.911
2026-05-26T09:24:00+08:00,1.912,1.914,1.911,1.911
2026-05-26T09:25:00+08:00,1.911,1.911,1.908,1.908
2026-05-26T09:26:00+08:00,1.908,1.909,1.903,1.903
2026-05-26T09:27:00+08:00,1.903,1.904,1.894,1.901
2026-05-26T09:28:00+08:00,1.902,1.906,1.901,1.906
2026-05-26T09:29:00+08:00,1.907,1.908,1.906,1.908
2026-05-26T09:30:00+08:00,1.907,1.907,1.902,1.905
2026-05-26T09:31:00+08:00,1.906,1.906,1.903,1.904
2026-05-26T09:32:00+08:00,1.903,1.903,1.899,1.9
2026-05-26T09:33:00+08:00,1.899,1.899,1.891,1.894
2026-05-26T09:34:00+08:00,1.895,1.899,1.894,1.898
2026-05-26T09:35:00+08:00,1.898,1.898,1.894,1.895
2026-05-26T09:36:00+08:00,1.895,1.899,1.895,1.896
2026-05-26T09:37:00+08:00,1.895,1.895,1.89,1.893
2026-05-26T09:38:00+08:00,1.892,1.893,1.891,1.892
2026-05-26T09:39:00+08:00,1.893,1.894,1.891,1.891
2026-05-26T09:40:00+08:00,1.89,1.892,1.888,1.891
2026-05-26T09:41:00+08:00,1.89,1.892,1.89,1.891
2026-05-26T09:42:00+08:00,1.89,1.891,1.89,1.891
2026-05-26T09:43:00+08:00,1.891,1.893,1.89,1.893
2026-05-26T09:44:00+08:00,1.893,1.894,1.888,1.894
2026-05-26T09:45:00+08:00,1.894,1.896,1.894,1.896
2026-05-26T09:46:00+08:00,1.897,1.899,1.896,1.899
2026-05-26T09:47:00+08:00,1.899,1.902,1.898,1.901
2026-05-26T09:48:00+08:00,1.901,1.901,1.897,1.898
2026-05-26T09:49:00+08:00,1.898,1.899,1.897,1.899
2026-05-26T09:50:00+08:00,1.899,1.899,1.897,1.897
2026-05-26T09:51:00+08:00,1.897,1.9,1.897,1.9
2026-05-26T09:52:00+08:00,1.901,1.904,1.901,1.904
2026-05-26T09:53:00+08:00,1.904,1.909,1.904,1.909
2026-05-26T09:54:00+08:00,1.909,1.91,1.907,1.908
2026-05-26T09:55:00+08:00,1.908,1.911,1.907,1.911
2026-05-26T09:56:00+08:00,1.91,1.915,1.909,1.914
2026-05-26T09:57:00+08:00,1.915,1.918,1.915,1.918
2026-05-26T09:58:00+08:00,1.918,1.92,1.918,1.92
2026-05-26T09:59:00+08:00,1.919,1.92,1.917,1.917
2026-05-26T10:00:00+08:00,1.918,1.918,1.913,1.914
2026-05-26T10:01:00+08:00,1.914,1.914,1.903,1.905
2026-05-26T10:02:00+08:00,1.904,1.907,1.904,1.907
2026-05-26T10:03:00+08:00,1.907,1.909,1.904,1.905
2026-05-26T10:04:00+08:00,1.905,1.907,1.901,1.902
2026-05-26T10:05:00+08:00,1.901,1.905,1.901,1.905
2026-05-26T10:06:00+08:00,1.906,1.906,1.892,1.896
2026-05-26T10:07:00+08:00,1.895,1.898,1.895,1.895
2026-05-26T10:08:00+08:00,1.895,1.897,1.891,1.892
2026-05-26T10:09:00+08:00,1.893,1.895,1.892,1.895
2026-05-26T10:10:00+08:00,1.895,1.9,1.894,1.899
2026-05-26T10:11:00+08:00,1.899,1.9,1.898,1.9
2026-05-26T10:12:00+08:00,1.901,1.902,1.898,1.899
2026-05-26T10:13:00+08:00,1.898,1.898,1.897,1.897
2026-05-26T10:14:00+08:00,1.898,1.899,1.897,1.898
2026-05-26T10:15:00+08:00,1.898,1.899,1.898,1.898
2026-05-26T10:16:00+08:00,1.897,1.897,1.893,1.894
2026-05-26T10:17:00+08:00,1.894,1.897,1.893,1.896